,feedback.labeled_criteria:faithful,feedback.labeled_criteria:accuracy,feedback.cosine_similarity,feedback.rouge1_f1_score,feedback.rouge1_precision,feedback.rouge1_recall,feedback.rouge2_f1_score,feedback.rouge2_precision,feedback.rouge2_recall,feedback.rougeLsum_f1_score,feedback.rougeLsum_precision,feedback.rougeLsum_recall,error,execution_time
count,490,491,491,491,491,491,491,491,491,491,491,491,1,492
mean,0.786326531,0.853564155,0.791327879,0.043112883,0.027531293,0.424208894,0.014269537,0.010768623,0.035554394,0.042230018,0.026706098,0.423059339,,1.460604579
std,0.209089895,0.221319156,0.03583263,0.093707577,0.074759264,0.479401756,0.069283623,0.055313614,0.164962731,0.090114249,0.070228847,0.479115152,,0.460889735
min,0.2,0.1,0.717511051,0,0,0,0,0,0,0,0,0,,0.562514
25%,0.8,0.7,0.773459086,0,0,0,0,0,0,0,0,0,,1.1454215
50%,0.9,1,0.787848176,0,0,0,0,0,0,0,0,0,,1.3994295
75%,0.9,1,0.802802628,0.053342817,0.027777778,1,0,0,0,0.053342817,0.027777778,1,,1.71919
max,1,1,0.971988936,0.666666667,0.692307692,1,0.625,0.588235294,1,0.666666667,0.634615385,1,,3.446605
